"date","location","court","result","winner","set1","set2","set3","story"
"2026-01-24","Városmajor","clay","","Berec","6-1","","","The rain tapped gently on the window as the world felt heavy and gray. And on top of that, Berec won the game."
"2026-01-11","Városmajor","clay","","Berec","6-1","","","The coffee spilled on my favorite shirt just before I left home. And on top of that, Berec won the game."
"2026-01-04","Városmajor","clay","","Berec","6-1","","","The bus left before I could catch it, leaving me stranded in the cold. And on top of that, Berec won the game."
"2025-12-20","Városmajor","hard","","Berec","6-0","","","The sky was overcast and the city felt empty, echoing my mood. And on top of that, Berec won the game."
"2025-12-27","Őrmező","clay","","Berec","6-1","","","The soup boiled over and the kitchen filled with smoke. And on top of that, Berec won the game."
"2026-02-01","Pillangó utca","clay","","Berec","6-5","","","The letter I was waiting for never arrived, and the day dragged on. And on top of that, Berec won the game."
"2026-02-08","Városmajor","hard","","Bence","6-3","","","Bence stepped onto the court with a quiet confidence, his eyes reflecting the determination of a true champion. His serve was a thing of beauty, slicing through the air with precision and power, leaving his opponent rooted in place. Each rally was a dance, and Bence moved with the grace of a seasoned artist, painting the lines with impossible shots. The crowd gasped as he returned a seemingly unreachable ball, spinning it just over the net with magical finesse. Even under pressure, Bence’s composure never wavered, and his tactical mind orchestrated every point. In the end, it was not just a victory, but a heroic display of tennis mastery that left everyone in awe."
"2026-02-13","Városmajor","hard","","Bence","6-3","","","From the very first serve, Bence commanded the court with an aura of invincibility. His serves thundered down the line, unreturnable and precise, setting the tone for the match. When the ball came back, Bence’s returns were nothing short of magical, bending physics with their spin and placement. He anticipated every move, gliding across the court as if he knew the future. The audience watched in disbelief as Bence conjured winners from impossible angles, each shot more dazzling than the last. With every point, his legend grew, and by the final rally, it was clear: Bence had delivered a performance for the ages."
"2026-02-22","Városmajor","hard","","Bence","6-3","","","Játszottunk egyátalán? Mi az eredmény? Tippre írtam."
"2026-02-28","Városmajor","clay","","Berec","6-3","","","The rain poured relentlessly, soaking the world in a cold embrace. And on top of that, Berec won the game."
"2026-03-07","Városmajor","hard","","Bence","6-4","","","Bence’s serve was a masterclass in power and accuracy, each one a thunderbolt that electrified the court. His returns defied belief, curving and dipping with a magician’s touch, always finding the narrowest of gaps. The rallies were epic, but Bence’s footwork made him untouchable, gliding from baseline to net with effortless speed. When the pressure mounted, he unleashed a flurry of winners, each more spectacular than the last. The crowd erupted as Bence saved match points with nerves of steel, turning defense into breathtaking offense. In the end, his victory was not just earned, but celebrated as a heroic feat."
"2026-03-11","Városmajor","hard","","Bence","6-3","","","With a serve that echoed like thunder, Bence set the tone for a match filled with brilliance. His returns were poetry in motion, each one a testament to his uncanny anticipation and skill. The rallies stretched long, but Bence’s stamina and creativity never faltered, always finding a way to turn defense into attack. He painted the lines with shots that seemed impossible, leaving his opponent bewildered and the crowd breathless. Every point was a story, and Bence was the hero, overcoming every challenge with style. By the final game, his victory was inevitable—a masterpiece of tennis artistry."
"2026-03-18","Városmajor","clay","","Berec","6-2","","","The alarm didn’t go off, and the morning slipped away in a haze of missed moments. And on top of that, Berec won the game."
"2026-03-23","Városmajor","hard","","Berec","6-0","4-2","","The bread was burnt and the tea was cold, a fitting start to a difficult day. And on top of that, Berec won the game."
"2026-03-29","Városmajor","hard","","Bence","6-2","3-0","","Bence’s serve was flawless, each one a missile that found its mark with unerring accuracy. His returns were pure magic, spinning and slicing in ways that defied explanation. The rallies were battles, but Bence’s tactical genius always gave him the upper hand. He moved with the elegance of a dancer, covering every inch of the court with ease. When the stakes were highest, Bence unleashed a series of breathtaking shots that brought the crowd to its feet. His victory was not just a win, but a heroic chapter in his growing legend."
"2026-04-06","Városmajor","clay","","Bence","6-1","6-1","","From the opening serve, Bence was unstoppable, delivering aces with the precision of a master. His returns were dazzling, each one a display of creativity and control that left his opponent scrambling. The rallies were intense, but Bence’s composure and athleticism shone through, turning every point into a spectacle. He anticipated every shot, responding with a blend of power and finesse that seemed almost supernatural. The audience watched in awe as Bence executed impossible winners, each one more heroic than the last. By the end, his victory was a testament to his extraordinary talent and determination."
"2026-04-12","Városmajor","hard","","Berec","6-1","4-2","","The wind howled outside, rattling the windows and my resolve. And on top of that, Berec won the game."
"2026-04-19","Városmajor","hard","","Berec","6-3","2-1","","The day dragged on with endless meetings and unanswered emails. And on top of that, Berec won the game."
"2026-04-23","Városmajor","hard","","Bence","6-3","2-2","","Bence’s serve was a force of nature, launching the match with a surge of energy that electrified the court. His returns were nothing short of miraculous, each one crafted with a blend of power and artistry. The rallies were epic, but Bence’s strategic mind and athletic prowess always gave him the edge. He moved with the confidence of a hero, turning defense into offense with a single, magical shot. The crowd watched in amazement as Bence conjured winners from impossible positions, never losing his composure. In the end, his victory was a heroic tale, celebrated by all who witnessed it."
"2026-05-01","Városmajor","hard","","Bence","5-4","","","Bence stood tall against the setting sun, his racket glowing like a sword drawn from stone. Every rally echoed through the valleys of Városmajor, his shots blazing with the fury of a thousand stars. He vanquished his opponent with a legendary finale that will be sung by the bards for centuries to come."
"2026-05-04","Városmajor","hard","","Bence","6-2","","","Like a hurricane unleashed upon the court, Bence unleashed torrents of unplayable forehands. His sheer will shaped reality itself, bending the trajectory of the balls to his absolute command. The sheer brilliance of his performance carved a new chapter in the annals of tennis history."
"2026-05-09","Városmajor","hard","","Berec","6-2","","","The autumn leaves seemed to fall early, echoing the quiet decay of my hopes. And on top of that, Berec won the game."
"2026-05-21","Városmajor","hard","","Berec","6-4","","","A solitary crow watched from the fence, its caw a grim reminder of cosmic indifference. And on top of that, Berec won the game."
"2026-05-26","Városmajor","clay","","Berec","6-5","","","The dust settled on the clay like ashes of forgotten dreams. And on top of that, Berec won the game."
"2026-06-01","Városmajor","hard","","Berec","6-4","","","Even the wind felt hollow today, carrying nothing but whispers of defeat. And on top of that, Berec won the game."
"2026-06-13","Városmajor","hard","","Bence","5-4","","","A titan walked the earth today, and his name was Bence. The ground trembled with every thunderous serve, striking fear into the heart of anyone daring to challenge his absolute supremacy. It was an immortal battle culminating in a legendary triumph."
"2026-06-19","Városmajor","hard","","Bence","6-2","3-0","","Bence played not as a mere mortal, but as a god of the hard court. Each swing was poetry written in lightning, each point a masterpiece of athletic perfection. The audience could only weep in the presence of such glorious majesty."
"2026-06-22","Városmajor","hard","","Bence","6-5","","","Clad in the armor of unyielding focus, Bence orchestrated a symphony of destruction upon his rival. His unstoppable drive and soaring leaps defied gravity itself. The epic saga of his victory shall echo through the corridors of time."
"2026-06-29","Városmajor","hard","","Draw","5-5","","","A 5-5 draw! After hours of relentless rallying, the entire local tennis community gathered around, sobbing uncontrollably. They offered their condolences, bought the players hot cocoa, and erected a small monument to commemorate the sheer absurdity of not finishing a tie-break."
"2026-07-06","Városmajor","hard","","Bence","6-4","","","Rising like a phoenix from the dust of the baseline, Bence delivered a performance of terrifying beauty. His racket swung with the force of destiny, obliterating any resistance and cementing his place among the immortal conquerors of the game."

